<?xml version="1.0"?>
<MBNProfileExt xmlns="http://www.microsoft.com/networking/WWAN/profile/v4">
  <Name>001040123457907-SVC-PROV</Name>
  <Description>sprint</Description>
  <IsDefault>true</IsDefault>
  <ProfileCreationType>UserProvisioned</ProfileCreationType>
  <SubscriberID>001040123457907</SubscriberID>
  <SimIccID>98680000004466778894</SimIccID>
  <HomeProviderName>sprint</HomeProviderName>
  <ConnectionMode>auto</ConnectionMode>
  <Context>
    <AccessString>r.ispsn</AccessString>
    <Compression>DISABLE</Compression>
    <AuthProtocol>NONE</AuthProtocol>
    <IPType>IPv4v6</IPType>
  </Context>
  <IsExclusiveToOther>true</IsExclusiveToOther>
</MBNProfileExt>